<?xml version="1.0" ?>
<Instance>
   <Waypoints>
      <Waypoint ChargingStation="100" Elevator="-1" ID="0" InputStation="-1" IsQueueWaypoint="false" OutputStation="-1" PickLocation="-1" Pod="-1" PodStorageLocation="false" Tier="0" X="0.45" Y="0.65">
         <Paths/>
      </Waypoint>
      <Waypoint ChargingStation="100" Elevator="-1" ID="1" InputStation="-1" IsQueueWaypoint="false" OutputStation="-1" PickLocation="-1" Pod="-1" PodStorageLocation="false" Tier="0" X="3.9" Y="0.65">
         <Paths/>
      </Waypoint>
      <Waypoint ChargingStation="-1" Elevator="-1" ID="2" InputStation="-1" IsQueueWaypoint="false" OutputStation="-1" PickLocation="-1" Pod="0" PodStorageLocation="true" Tier="0" X="7.3500000000000005" Y="0.65">
         <Paths/>
      </Waypoint>
      <Waypoint ChargingStation="-1" Elevator="-1" ID="3" InputStation="-1" IsQueueWaypoint="false" OutputStation="-1" PickLocation="-1" Pod="1" PodStorageLocation="true" Tier="0" X="8.25" Y="0.65">
         <Paths/>
      </Waypoint>
      <Waypoint ChargingStation="-1" Elevator="-1" ID="4" InputStation="-1" IsQueueWaypoint="false" OutputStation="-1" PickLocation="-1" Pod="2" PodStorageLocation="true" Tier="0" X="9.15" Y="0.65">
         <Paths/>
      </Waypoint>
      <Waypoint ChargingStation="-1" Elevator="-1" ID="5" InputStation="-1" IsQueueWaypoint="false" OutputStation="-1" PickLocation="-1" Pod="3" PodStorageLocation="true" Tier="0" X="10.05" Y="0.65">
         <Paths/>
      </Waypoint>
      <Waypoint ChargingStation="-1" Elevator="-1" ID="6" InputStation="-1" IsQueueWaypoint="false" OutputStation="-1" PickLocation="-1" Pod="4" PodStorageLocation="true" Tier="0" X="10.950000000000001" Y="0.65">
         <Paths/>
      </Waypoint>
      <Waypoint ChargingStation="-1" Elevator="-1" ID="7" InputStation="-1" IsQueueWaypoint="false" OutputStation="-1" PickLocation="-1" Pod="5" PodStorageLocation="true" Tier="0" X="11.850000000000001" Y="0.65">
         <Paths/>
      </Waypoint>
      <Waypoint ChargingStation="100" Elevator="-1" ID="8" InputStation="-1" IsQueueWaypoint="false" OutputStation="-1" PickLocation="-1" Pod="-1" PodStorageLocation="false" Tier="0" X="15.300000000000002" Y="0.65">
         <Paths/>
      </Waypoint>
      <Waypoint ChargingStation="100" Elevator="-1" ID="9" InputStation="-1" IsQueueWaypoint="false" OutputStation="-1" PickLocation="-1" Pod="-1" PodStorageLocation="false" Tier="0" X="18.750000000000004" Y="0.65">
         <Paths/>
      </Waypoint>
      <Waypoint ChargingStation="-1" Elevator="-1" ID="10" InputStation="-1" IsQueueWaypoint="false" OutputStation="-1" PickLocation="-1" Pod="-1" PodStorageLocation="false" Tier="0" X="0.45" Y="2.8">
         <Paths>
            <Waypoint>20</Waypoint>
            <Waypoint>11</Waypoint>
         </Paths>
      </Waypoint>
      <Waypoint ChargingStation="-1" Elevator="-1" ID="11" InputStation="-1" IsQueueWaypoint="false" OutputStation="-1" PickLocation="-1" Pod="-1" PodStorageLocation="false" Tier="0" X="3.9" Y="2.8">
         <Paths>
            <Waypoint>21</Waypoint>
            <Waypoint>10</Waypoint>
            <Waypoint>12</Waypoint>
         </Paths>
      </Waypoint>
      <Waypoint ChargingStation="-1" Elevator="-1" ID="12" InputStation="-1" IsQueueWaypoint="false" OutputStation="-1" PickLocation="0" Pod="-1" PodStorageLocation="true" Tier="0" X="7.3500000000000005" Y="2.8">
         <Paths>
            <Waypoint>11</Waypoint>
            <Waypoint>13</Waypoint>
         </Paths>
      </Waypoint>
      <Waypoint ChargingStation="-1" Elevator="-1" ID="13" InputStation="-1" IsQueueWaypoint="false" OutputStation="-1" PickLocation="1" Pod="-1" PodStorageLocation="true" Tier="0" X="8.25" Y="2.8">
         <Paths>
            <Waypoint>12</Waypoint>
            <Waypoint>14</Waypoint>
         </Paths>
      </Waypoint>
      <Waypoint ChargingStation="-1" Elevator="-1" ID="14" InputStation="-1" IsQueueWaypoint="false" OutputStation="-1" PickLocation="2" Pod="-1" PodStorageLocation="true" Tier="0" X="9.15" Y="2.8">
         <Paths>
            <Waypoint>13</Waypoint>
            <Waypoint>15</Waypoint>
         </Paths>
      </Waypoint>
      <Waypoint ChargingStation="-1" Elevator="-1" ID="15" InputStation="-1" IsQueueWaypoint="false" OutputStation="-1" PickLocation="3" Pod="-1" PodStorageLocation="true" Tier="0" X="10.05" Y="2.8">
         <Paths>
            <Waypoint>14</Waypoint>
            <Waypoint>16</Waypoint>
         </Paths>
      </Waypoint>
      <Waypoint ChargingStation="-1" Elevator="-1" ID="16" InputStation="-1" IsQueueWaypoint="false" OutputStation="-1" PickLocation="4" Pod="-1" PodStorageLocation="true" Tier="0" X="10.950000000000001" Y="2.8">
         <Paths>
            <Waypoint>15</Waypoint>
            <Waypoint>17</Waypoint>
         </Paths>
      </Waypoint>
      <Waypoint ChargingStation="-1" Elevator="-1" ID="17" InputStation="-1" IsQueueWaypoint="false" OutputStation="-1" PickLocation="5" Pod="-1" PodStorageLocation="true" Tier="0" X="11.850000000000001" Y="2.8">
         <Paths>
            <Waypoint>16</Waypoint>
            <Waypoint>18</Waypoint>
         </Paths>
      </Waypoint>
      <Waypoint ChargingStation="-1" Elevator="-1" ID="18" InputStation="-1" IsQueueWaypoint="false" OutputStation="-1" PickLocation="-1" Pod="-1" PodStorageLocation="false" Tier="0" X="15.300000000000002" Y="2.8">
         <Paths>
            <Waypoint>28</Waypoint>
            <Waypoint>17</Waypoint>
            <Waypoint>19</Waypoint>
         </Paths>
      </Waypoint>
      <Waypoint ChargingStation="-1" Elevator="-1" ID="19" InputStation="-1" IsQueueWaypoint="false" OutputStation="-1" PickLocation="-1" Pod="-1" PodStorageLocation="false" Tier="0" X="18.750000000000004" Y="2.8">
         <Paths>
            <Waypoint>29</Waypoint>
            <Waypoint>18</Waypoint>
         </Paths>
      </Waypoint>
      <Waypoint ChargingStation="-1" Elevator="-1" ID="20" InputStation="-1" IsQueueWaypoint="false" OutputStation="0" PickLocation="-1" Pod="-1" PodStorageLocation="false" Tier="0" X="0.45" Y="4.95">
         <Paths>
            <Waypoint>10</Waypoint>
            <Waypoint>30</Waypoint>
            <Waypoint>21</Waypoint>
         </Paths>
      </Waypoint>
      <Waypoint ChargingStation="-1" Elevator="-1" ID="21" InputStation="-1" IsQueueWaypoint="false" OutputStation="-1" PickLocation="-1" Pod="-1" PodStorageLocation="false" Tier="0" X="3.9" Y="4.95">
         <Paths>
            <Waypoint>11</Waypoint>
            <Waypoint>31</Waypoint>
            <Waypoint>20</Waypoint>
         </Paths>
      </Waypoint>
      <Waypoint ChargingStation="-1" Elevator="-1" ID="22" InputStation="-1" IsQueueWaypoint="false" OutputStation="-1" PickLocation="-1" Pod="6" PodStorageLocation="true" Tier="0" X="7.3500000000000005" Y="4.95">
         <Paths/>
      </Waypoint>
      <Waypoint ChargingStation="-1" Elevator="-1" ID="23" InputStation="-1" IsQueueWaypoint="false" OutputStation="-1" PickLocation="-1" Pod="7" PodStorageLocation="true" Tier="0" X="8.25" Y="4.95">
         <Paths/>
      </Waypoint>
      <Waypoint ChargingStation="-1" Elevator="-1" ID="24" InputStation="-1" IsQueueWaypoint="false" OutputStation="-1" PickLocation="-1" Pod="8" PodStorageLocation="true" Tier="0" X="9.15" Y="4.95">
         <Paths/>
      </Waypoint>
      <Waypoint ChargingStation="-1" Elevator="-1" ID="25" InputStation="-1" IsQueueWaypoint="false" OutputStation="-1" PickLocation="-1" Pod="9" PodStorageLocation="true" Tier="0" X="10.05" Y="4.95">
         <Paths/>
      </Waypoint>
      <Waypoint ChargingStation="-1" Elevator="-1" ID="26" InputStation="-1" IsQueueWaypoint="false" OutputStation="-1" PickLocation="-1" Pod="10" PodStorageLocation="true" Tier="0" X="10.950000000000001" Y="4.95">
         <Paths/>
      </Waypoint>
      <Waypoint ChargingStation="-1" Elevator="-1" ID="27" InputStation="-1" IsQueueWaypoint="false" OutputStation="-1" PickLocation="-1" Pod="11" PodStorageLocation="true" Tier="0" X="11.850000000000001" Y="4.95">
         <Paths/>
      </Waypoint>
      <Waypoint ChargingStation="-1" Elevator="-1" ID="28" InputStation="-1" IsQueueWaypoint="false" OutputStation="-1" PickLocation="-1" Pod="-1" PodStorageLocation="false" Tier="0" X="15.300000000000002" Y="4.95">
         <Paths>
            <Waypoint>18</Waypoint>
            <Waypoint>38</Waypoint>
            <Waypoint>29</Waypoint>
         </Paths>
      </Waypoint>
      <Waypoint ChargingStation="-1" Elevator="-1" ID="29" InputStation="-1" IsQueueWaypoint="false" OutputStation="1" PickLocation="-1" Pod="-1" PodStorageLocation="false" Tier="0" X="18.750000000000004" Y="4.95">
         <Paths>
            <Waypoint>19</Waypoint>
            <Waypoint>39</Waypoint>
            <Waypoint>28</Waypoint>
         </Paths>
      </Waypoint>
      <Waypoint ChargingStation="-1" Elevator="-1" ID="30" InputStation="-1" IsQueueWaypoint="false" OutputStation="-1" PickLocation="-1" Pod="-1" PodStorageLocation="false" Tier="0" X="0.45" Y="6.25">
         <Paths>
            <Waypoint>20</Waypoint>
            <Waypoint>40</Waypoint>
            <Waypoint>31</Waypoint>
         </Paths>
      </Waypoint>
      <Waypoint ChargingStation="-1" Elevator="-1" ID="31" InputStation="-1" IsQueueWaypoint="false" OutputStation="-1" PickLocation="-1" Pod="-1" PodStorageLocation="false" Tier="0" X="3.9" Y="6.25">
         <Paths>
            <Waypoint>21</Waypoint>
            <Waypoint>41</Waypoint>
            <Waypoint>30</Waypoint>
         </Paths>
      </Waypoint>
      <Waypoint ChargingStation="-1" Elevator="-1" ID="32" InputStation="-1" IsQueueWaypoint="false" OutputStation="-1" PickLocation="-1" Pod="12" PodStorageLocation="true" Tier="0" X="7.3500000000000005" Y="6.25">
         <Paths/>
      </Waypoint>
      <Waypoint ChargingStation="-1" Elevator="-1" ID="33" InputStation="-1" IsQueueWaypoint="false" OutputStation="-1" PickLocation="-1" Pod="13" PodStorageLocation="true" Tier="0" X="8.25" Y="6.25">
         <Paths/>
      </Waypoint>
      <Waypoint ChargingStation="-1" Elevator="-1" ID="34" InputStation="-1" IsQueueWaypoint="false" OutputStation="-1" PickLocation="-1" Pod="14" PodStorageLocation="true" Tier="0" X="9.15" Y="6.25">
         <Paths/>
      </Waypoint>
      <Waypoint ChargingStation="-1" Elevator="-1" ID="35" InputStation="-1" IsQueueWaypoint="false" OutputStation="-1" PickLocation="-1" Pod="15" PodStorageLocation="true" Tier="0" X="10.05" Y="6.25">
         <Paths/>
      </Waypoint>
      <Waypoint ChargingStation="-1" Elevator="-1" ID="36" InputStation="-1" IsQueueWaypoint="false" OutputStation="-1" PickLocation="-1" Pod="16" PodStorageLocation="true" Tier="0" X="10.950000000000001" Y="6.25">
         <Paths/>
      </Waypoint>
      <Waypoint ChargingStation="-1" Elevator="-1" ID="37" InputStation="-1" IsQueueWaypoint="false" OutputStation="-1" PickLocation="-1" Pod="17" PodStorageLocation="true" Tier="0" X="11.850000000000001" Y="6.25">
         <Paths/>
      </Waypoint>
      <Waypoint ChargingStation="-1" Elevator="-1" ID="38" InputStation="-1" IsQueueWaypoint="false" OutputStation="-1" PickLocation="-1" Pod="-1" PodStorageLocation="false" Tier="0" X="15.300000000000002" Y="6.25">
         <Paths>
            <Waypoint>28</Waypoint>
            <Waypoint>48</Waypoint>
            <Waypoint>39</Waypoint>
         </Paths>
      </Waypoint>
      <Waypoint ChargingStation="-1" Elevator="-1" ID="39" InputStation="-1" IsQueueWaypoint="false" OutputStation="-1" PickLocation="-1" Pod="-1" PodStorageLocation="false" Tier="0" X="18.750000000000004" Y="6.25">
         <Paths>
            <Waypoint>29</Waypoint>
            <Waypoint>49</Waypoint>
            <Waypoint>38</Waypoint>
         </Paths>
      </Waypoint>
      <Waypoint ChargingStation="-1" Elevator="-1" ID="40" InputStation="-1" IsQueueWaypoint="false" OutputStation="-1" PickLocation="-1" Pod="-1" PodStorageLocation="false" Tier="0" X="0.45" Y="8.399999999999999">
         <Paths>
            <Waypoint>30</Waypoint>
            <Waypoint>41</Waypoint>
         </Paths>
      </Waypoint>
      <Waypoint ChargingStation="-1" Elevator="-1" ID="41" InputStation="-1" IsQueueWaypoint="false" OutputStation="-1" PickLocation="-1" Pod="-1" PodStorageLocation="false" Tier="0" X="3.9" Y="8.399999999999999">
         <Paths>
            <Waypoint>31</Waypoint>
            <Waypoint>40</Waypoint>
            <Waypoint>42</Waypoint>
         </Paths>
      </Waypoint>
      <Waypoint ChargingStation="-1" Elevator="-1" ID="42" InputStation="-1" IsQueueWaypoint="false" OutputStation="-1" PickLocation="6" Pod="-1" PodStorageLocation="true" Tier="0" X="7.3500000000000005" Y="8.399999999999999">
         <Paths>
            <Waypoint>41</Waypoint>
            <Waypoint>43</Waypoint>
         </Paths>
      </Waypoint>
      <Waypoint ChargingStation="-1" Elevator="-1" ID="43" InputStation="-1" IsQueueWaypoint="false" OutputStation="-1" PickLocation="7" Pod="-1" PodStorageLocation="true" Tier="0" X="8.25" Y="8.399999999999999">
         <Paths>
            <Waypoint>42</Waypoint>
            <Waypoint>44</Waypoint>
         </Paths>
      </Waypoint>
      <Waypoint ChargingStation="-1" Elevator="-1" ID="44" InputStation="-1" IsQueueWaypoint="false" OutputStation="-1" PickLocation="8" Pod="-1" PodStorageLocation="true" Tier="0" X="9.15" Y="8.399999999999999">
         <Paths>
            <Waypoint>43</Waypoint>
            <Waypoint>45</Waypoint>
         </Paths>
      </Waypoint>
      <Waypoint ChargingStation="-1" Elevator="-1" ID="45" InputStation="-1" IsQueueWaypoint="false" OutputStation="-1" PickLocation="9" Pod="-1" PodStorageLocation="true" Tier="0" X="10.05" Y="8.399999999999999">
         <Paths>
            <Waypoint>44</Waypoint>
            <Waypoint>46</Waypoint>
         </Paths>
      </Waypoint>
      <Waypoint ChargingStation="-1" Elevator="-1" ID="46" InputStation="-1" IsQueueWaypoint="false" OutputStation="-1" PickLocation="10" Pod="-1" PodStorageLocation="true" Tier="0" X="10.950000000000001" Y="8.399999999999999">
         <Paths>
            <Waypoint>45</Waypoint>
            <Waypoint>47</Waypoint>
         </Paths>
      </Waypoint>
      <Waypoint ChargingStation="-1" Elevator="-1" ID="47" InputStation="-1" IsQueueWaypoint="false" OutputStation="-1" PickLocation="11" Pod="-1" PodStorageLocation="true" Tier="0" X="11.850000000000001" Y="8.399999999999999">
         <Paths>
            <Waypoint>46</Waypoint>
            <Waypoint>48</Waypoint>
         </Paths>
      </Waypoint>
      <Waypoint ChargingStation="-1" Elevator="-1" ID="48" InputStation="-1" IsQueueWaypoint="false" OutputStation="-1" PickLocation="-1" Pod="-1" PodStorageLocation="false" Tier="0" X="15.300000000000002" Y="8.399999999999999">
         <Paths>
            <Waypoint>38</Waypoint>
            <Waypoint>47</Waypoint>
            <Waypoint>49</Waypoint>
         </Paths>
      </Waypoint>
      <Waypoint ChargingStation="-1" Elevator="-1" ID="49" InputStation="-1" IsQueueWaypoint="false" OutputStation="-1" PickLocation="-1" Pod="-1" PodStorageLocation="false" Tier="0" X="18.750000000000004" Y="8.399999999999999">
         <Paths>
            <Waypoint>39</Waypoint>
            <Waypoint>48</Waypoint>
         </Paths>
      </Waypoint>
      <Waypoint ChargingStation="100" Elevator="-1" ID="50" InputStation="-1" IsQueueWaypoint="false" OutputStation="-1" PickLocation="-1" Pod="-1" PodStorageLocation="false" Tier="0" X="0.45" Y="10.549999999999999">
         <Paths/>
      </Waypoint>
      <Waypoint ChargingStation="100" Elevator="-1" ID="51" InputStation="-1" IsQueueWaypoint="false" OutputStation="-1" PickLocation="-1" Pod="-1" PodStorageLocation="false" Tier="0" X="3.9" Y="10.549999999999999">
         <Paths/>
      </Waypoint>
      <Waypoint ChargingStation="-1" Elevator="-1" ID="52" InputStation="-1" IsQueueWaypoint="false" OutputStation="-1" PickLocation="-1" Pod="18" PodStorageLocation="true" Tier="0" X="7.3500000000000005" Y="10.549999999999999">
         <Paths/>
      </Waypoint>
      <Waypoint ChargingStation="-1" Elevator="-1" ID="53" InputStation="-1" IsQueueWaypoint="false" OutputStation="-1" PickLocation="-1" Pod="19" PodStorageLocation="true" Tier="0" X="8.25" Y="10.549999999999999">
         <Paths/>
      </Waypoint>
      <Waypoint ChargingStation="-1" Elevator="-1" ID="54" InputStation="-1" IsQueueWaypoint="false" OutputStation="-1" PickLocation="-1" Pod="20" PodStorageLocation="true" Tier="0" X="9.15" Y="10.549999999999999">
         <Paths/>
      </Waypoint>
      <Waypoint ChargingStation="-1" Elevator="-1" ID="55" InputStation="-1" IsQueueWaypoint="false" OutputStation="-1" PickLocation="-1" Pod="21" PodStorageLocation="true" Tier="0" X="10.05" Y="10.549999999999999">
         <Paths/>
      </Waypoint>
      <Waypoint ChargingStation="-1" Elevator="-1" ID="56" InputStation="-1" IsQueueWaypoint="false" OutputStation="-1" PickLocation="-1" Pod="22" PodStorageLocation="true" Tier="0" X="10.950000000000001" Y="10.549999999999999">
         <Paths/>
      </Waypoint>
      <Waypoint ChargingStation="-1" Elevator="-1" ID="57" InputStation="-1" IsQueueWaypoint="false" OutputStation="-1" PickLocation="-1" Pod="23" PodStorageLocation="true" Tier="0" X="11.850000000000001" Y="10.549999999999999">
         <Paths/>
      </Waypoint>
      <Waypoint ChargingStation="100" Elevator="-1" ID="58" InputStation="-1" IsQueueWaypoint="false" OutputStation="-1" PickLocation="-1" Pod="-1" PodStorageLocation="false" Tier="0" X="15.300000000000002" Y="10.549999999999999">
         <Paths/>
      </Waypoint>
      <Waypoint ChargingStation="100" Elevator="-1" ID="59" InputStation="-1" IsQueueWaypoint="false" OutputStation="-1" PickLocation="-1" Pod="-1" PodStorageLocation="false" Tier="0" X="18.750000000000004" Y="10.549999999999999">
         <Paths/>
      </Waypoint>
   </Waypoints>
   <Bots>
      <Bot Capacity="18" CollisionPenaltyTime="0.5" ID="0" MaxAcceleration="1" MaxDeceleration="1" MaxVelocity="1.5" Orientation="0" OutputStation="0" PodTransferTime="2.2" Radius="0.35" Tier="0" TurnSpeed="2.5" X="0.45" Y="4.95"/>
      <Bot Capacity="18" CollisionPenaltyTime="0.5" ID="1" MaxAcceleration="1" MaxDeceleration="1" MaxVelocity="1.5" Orientation="0" OutputStation="1" PodTransferTime="2.2" Radius="0.35" Tier="0" TurnSpeed="2.5" X="18.750000000000004" Y="4.95"/>
   </Bots>
   <ChargingStations/>
   <PickLocations>
      <PickLocation ID="0" Orientation="0" Radius="0.45" Tier="0" X="7.3500000000000005" Y="2.8"/>
      <PickLocation ID="1" Orientation="0" Radius="0.45" Tier="0" X="8.25" Y="2.8"/>
      <PickLocation ID="2" Orientation="0" Radius="0.45" Tier="0" X="9.15" Y="2.8"/>
      <PickLocation ID="3" Orientation="0" Radius="0.45" Tier="0" X="10.05" Y="2.8"/>
      <PickLocation ID="4" Orientation="0" Radius="0.45" Tier="0" X="10.950000000000001" Y="2.8"/>
      <PickLocation ID="5" Orientation="0" Radius="0.45" Tier="0" X="11.850000000000001" Y="2.8"/>
      <PickLocation ID="6" Orientation="0" Radius="0.45" Tier="0" X="7.3500000000000005" Y="8.399999999999999"/>
      <PickLocation ID="7" Orientation="0" Radius="0.45" Tier="0" X="8.25" Y="8.399999999999999"/>
      <PickLocation ID="8" Orientation="0" Radius="0.45" Tier="0" X="9.15" Y="8.399999999999999"/>
      <PickLocation ID="9" Orientation="0" Radius="0.45" Tier="0" X="10.05" Y="8.399999999999999"/>
      <PickLocation ID="10" Orientation="0" Radius="0.45" Tier="0" X="10.950000000000001" Y="8.399999999999999"/>
      <PickLocation ID="11" Orientation="0" Radius="0.45" Tier="0" X="11.850000000000001" Y="8.399999999999999"/>
   </PickLocations>
   <Pods>
      <Pod Capacity="350" ID="0" Orientation="0" PickLocation="0" Radius="0.45" Tier="0" X="7.3500000000000005" Y="0.65"/>
      <Pod Capacity="350" ID="1" Orientation="0" PickLocation="1" Radius="0.45" Tier="0" X="8.25" Y="0.65"/>
      <Pod Capacity="350" ID="2" Orientation="0" PickLocation="2" Radius="0.45" Tier="0" X="9.15" Y="0.65"/>
      <Pod Capacity="350" ID="3" Orientation="0" PickLocation="3" Radius="0.45" Tier="0" X="10.05" Y="0.65"/>
      <Pod Capacity="350" ID="4" Orientation="0" PickLocation="4" Radius="0.45" Tier="0" X="10.950000000000001" Y="0.65"/>
      <Pod Capacity="350" ID="5" Orientation="0" PickLocation="5" Radius="0.45" Tier="0" X="11.850000000000001" Y="0.65"/>
      <Pod Capacity="350" ID="6" Orientation="0" PickLocation="0" Radius="0.45" Tier="0" X="7.3500000000000005" Y="4.95"/>
      <Pod Capacity="350" ID="7" Orientation="0" PickLocation="1" Radius="0.45" Tier="0" X="8.25" Y="4.95"/>
      <Pod Capacity="350" ID="8" Orientation="0" PickLocation="2" Radius="0.45" Tier="0" X="9.15" Y="4.95"/>
      <Pod Capacity="350" ID="9" Orientation="0" PickLocation="3" Radius="0.45" Tier="0" X="10.05" Y="4.95"/>
      <Pod Capacity="350" ID="10" Orientation="0" PickLocation="4" Radius="0.45" Tier="0" X="10.950000000000001" Y="4.95"/>
      <Pod Capacity="350" ID="11" Orientation="0" PickLocation="5" Radius="0.45" Tier="0" X="11.850000000000001" Y="4.95"/>
      <Pod Capacity="350" ID="12" Orientation="0" PickLocation="6" Radius="0.45" Tier="0" X="7.3500000000000005" Y="6.25"/>
      <Pod Capacity="350" ID="13" Orientation="0" PickLocation="7" Radius="0.45" Tier="0" X="8.25" Y="6.25"/>
      <Pod Capacity="350" ID="14" Orientation="0" PickLocation="8" Radius="0.45" Tier="0" X="9.15" Y="6.25"/>
      <Pod Capacity="350" ID="15" Orientation="0" PickLocation="9" Radius="0.45" Tier="0" X="10.05" Y="6.25"/>
      <Pod Capacity="350" ID="16" Orientation="0" PickLocation="10" Radius="0.45" Tier="0" X="10.950000000000001" Y="6.25"/>
      <Pod Capacity="350" ID="17" Orientation="0" PickLocation="11" Radius="0.45" Tier="0" X="11.850000000000001" Y="6.25"/>
      <Pod Capacity="350" ID="18" Orientation="0" PickLocation="6" Radius="0.45" Tier="0" X="7.3500000000000005" Y="10.549999999999999"/>
      <Pod Capacity="350" ID="19" Orientation="0" PickLocation="7" Radius="0.45" Tier="0" X="8.25" Y="10.549999999999999"/>
      <Pod Capacity="350" ID="20" Orientation="0" PickLocation="8" Radius="0.45" Tier="0" X="9.15" Y="10.549999999999999"/>
      <Pod Capacity="350" ID="21" Orientation="0" PickLocation="9" Radius="0.45" Tier="0" X="10.05" Y="10.549999999999999"/>
      <Pod Capacity="350" ID="22" Orientation="0" PickLocation="10" Radius="0.45" Tier="0" X="10.950000000000001" Y="10.549999999999999"/>
      <Pod Capacity="350" ID="23" Orientation="0" PickLocation="11" Radius="0.45" Tier="0" X="11.850000000000001" Y="10.549999999999999"/>
   </Pods>
   <Elevators/>
   <InputStations/>
   <OutputStations>
      <OutputStation ActivationOrderID="1" Capacity="12" ID="0" ItemPickTime="3" ItemTransferTime="10" Radius="0.45" Tier="0" X="0.45" Y="4.95"/>
      <OutputStation ActivationOrderID="1" Capacity="12" ID="1" ItemPickTime="3" ItemTransferTime="10" Radius="0.45" Tier="0" X="18.750000000000004" Y="4.95"/>
   </OutputStations>
   <Tiers/>
</Instance>
