<?xml version="1.0" ?>
<OrderList>
   <ItemDescriptions>
      <ItemDescription Color="blue" ID="0" Letter="a" Type="Letter" Weight="2.94"/>
      <ItemDescription Color="green" ID="1" Letter="a" Type="Letter" Weight="2.12"/>
      <ItemDescription Color="red" ID="2" Letter="a" Type="Letter" Weight="2.26"/>
      <ItemDescription Color="blue" ID="3" Letter="b" Type="Letter" Weight="1.39"/>
      <ItemDescription Color="green" ID="4" Letter="b" Type="Letter" Weight="0.8"/>
      <ItemDescription Color="red" ID="5" Letter="b" Type="Letter" Weight="0.52"/>
      <ItemDescription Color="blue" ID="6" Letter="c" Type="Letter" Weight="0.68"/>
      <ItemDescription Color="green" ID="7" Letter="c" Type="Letter" Weight="2.27"/>
      <ItemDescription Color="red" ID="8" Letter="c" Type="Letter" Weight="2.18"/>
      <ItemDescription Color="blue" ID="9" Letter="d" Type="Letter" Weight="2.69"/>
      <ItemDescription Color="green" ID="10" Letter="d" Type="Letter" Weight="0.58"/>
      <ItemDescription Color="red" ID="11" Letter="d" Type="Letter" Weight="2.79"/>
      <ItemDescription Color="blue" ID="12" Letter="e" Type="Letter" Weight="1.08"/>
      <ItemDescription Color="green" ID="13" Letter="e" Type="Letter" Weight="2.4"/>
      <ItemDescription Color="red" ID="14" Letter="e" Type="Letter" Weight="1.89"/>
      <ItemDescription Color="blue" ID="15" Letter="f" Type="Letter" Weight="2.64"/>
      <ItemDescription Color="green" ID="16" Letter="f" Type="Letter" Weight="2.21"/>
      <ItemDescription Color="red" ID="17" Letter="f" Type="Letter" Weight="0.77"/>
      <ItemDescription Color="blue" ID="18" Letter="g" Type="Letter" Weight="2.27"/>
      <ItemDescription Color="green" ID="19" Letter="g" Type="Letter" Weight="2.01"/>
      <ItemDescription Color="red" ID="20" Letter="g" Type="Letter" Weight="2.67"/>
      <ItemDescription Color="blue" ID="21" Letter="h" Type="Letter" Weight="2.44"/>
      <ItemDescription Color="green" ID="22" Letter="h" Type="Letter" Weight="1.85"/>
      <ItemDescription Color="red" ID="23" Letter="h" Type="Letter" Weight="1.22"/>
   </ItemDescriptions>
   <ItemBundles/>
   <Orders>
      <Order TimeStamp="">
         <Positions>
            <Position Count="3" ItemDescriptionID="8"/>
            <Position Count="4" ItemDescriptionID="3"/>
            <Position Count="2" ItemDescriptionID="5"/>
            <Position Count="1" ItemDescriptionID="0"/>
         </Positions>
      </Order>
      <Order TimeStamp="">
         <Positions>
            <Position Count="1" ItemDescriptionID="1"/>
            <Position Count="1" ItemDescriptionID="8"/>
            <Position Count="1" ItemDescriptionID="3"/>
         </Positions>
      </Order>
      <Order TimeStamp="">
         <Positions>
            <Position Count="2" ItemDescriptionID="7"/>
            <Position Count="1" ItemDescriptionID="5"/>
            <Position Count="1" ItemDescriptionID="4"/>
            <Position Count="1" ItemDescriptionID="1"/>
            <Position Count="1" ItemDescriptionID="6"/>
         </Positions>
      </Order>
      <Order TimeStamp="">
         <Positions>
            <Position Count="1" ItemDescriptionID="7"/>
         </Positions>
      </Order>
      <Order TimeStamp="">
         <Positions>
            <Position Count="1" ItemDescriptionID="0"/>
            <Position Count="1" ItemDescriptionID="1"/>
            <Position Count="1" ItemDescriptionID="6"/>
         </Positions>
      </Order>
      <Order TimeStamp="">
         <Positions>
            <Position Count="1" ItemDescriptionID="8"/>
         </Positions>
      </Order>
      <Order TimeStamp="">
         <Positions>
            <Position Count="1" ItemDescriptionID="3"/>
            <Position Count="1" ItemDescriptionID="4"/>
            <Position Count="1" ItemDescriptionID="5"/>
            <Position Count="1" ItemDescriptionID="6"/>
         </Positions>
      </Order>
      <Order TimeStamp="">
         <Positions>
            <Position Count="2" ItemDescriptionID="1"/>
            <Position Count="2" ItemDescriptionID="4"/>
            <Position Count="2" ItemDescriptionID="8"/>
            <Position Count="1" ItemDescriptionID="7"/>
            <Position Count="1" ItemDescriptionID="6"/>
            <Position Count="1" ItemDescriptionID="3"/>
         </Positions>
      </Order>
      <Order TimeStamp="">
         <Positions>
            <Position Count="2" ItemDescriptionID="3"/>
            <Position Count="3" ItemDescriptionID="5"/>
            <Position Count="2" ItemDescriptionID="0"/>
            <Position Count="2" ItemDescriptionID="4"/>
            <Position Count="1" ItemDescriptionID="2"/>
         </Positions>
      </Order>
      <Order TimeStamp="">
         <Positions>
            <Position Count="1" ItemDescriptionID="7"/>
            <Position Count="1" ItemDescriptionID="4"/>
            <Position Count="1" ItemDescriptionID="5"/>
            <Position Count="1" ItemDescriptionID="8"/>
            <Position Count="1" ItemDescriptionID="2"/>
         </Positions>
      </Order>
      <Order TimeStamp="">
         <Positions>
            <Position Count="2" ItemDescriptionID="3"/>
            <Position Count="1" ItemDescriptionID="4"/>
            <Position Count="2" ItemDescriptionID="7"/>
            <Position Count="1" ItemDescriptionID="6"/>
         </Positions>
      </Order>
      <Order TimeStamp="">
         <Positions>
            <Position Count="2" ItemDescriptionID="8"/>
            <Position Count="2" ItemDescriptionID="7"/>
            <Position Count="1" ItemDescriptionID="5"/>
            <Position Count="2" ItemDescriptionID="1"/>
            <Position Count="1" ItemDescriptionID="6"/>
         </Positions>
      </Order>
      <Order TimeStamp="">
         <Positions>
            <Position Count="1" ItemDescriptionID="0"/>
         </Positions>
      </Order>
      <Order TimeStamp="">
         <Positions>
            <Position Count="1" ItemDescriptionID="4"/>
            <Position Count="1" ItemDescriptionID="6"/>
            <Position Count="1" ItemDescriptionID="1"/>
            <Position Count="1" ItemDescriptionID="5"/>
            <Position Count="1" ItemDescriptionID="8"/>
         </Positions>
      </Order>
      <Order TimeStamp="">
         <Positions>
            <Position Count="1" ItemDescriptionID="3"/>
            <Position Count="1" ItemDescriptionID="2"/>
         </Positions>
      </Order>
      <Order TimeStamp="">
         <Positions>
            <Position Count="2" ItemDescriptionID="5"/>
            <Position Count="2" ItemDescriptionID="0"/>
            <Position Count="3" ItemDescriptionID="7"/>
            <Position Count="2" ItemDescriptionID="3"/>
         </Positions>
      </Order>
      <Order TimeStamp="">
         <Positions>
            <Position Count="1" ItemDescriptionID="7"/>
            <Position Count="1" ItemDescriptionID="1"/>
         </Positions>
      </Order>
      <Order TimeStamp="">
         <Positions>
            <Position Count="1" ItemDescriptionID="0"/>
            <Position Count="1" ItemDescriptionID="4"/>
            <Position Count="1" ItemDescriptionID="1"/>
            <Position Count="1" ItemDescriptionID="2"/>
         </Positions>
      </Order>
      <Order TimeStamp="">
         <Positions>
            <Position Count="3" ItemDescriptionID="3"/>
            <Position Count="1" ItemDescriptionID="4"/>
            <Position Count="1" ItemDescriptionID="5"/>
            <Position Count="2" ItemDescriptionID="2"/>
            <Position Count="1" ItemDescriptionID="0"/>
         </Positions>
      </Order>
      <Order TimeStamp="">
         <Positions>
            <Position Count="1" ItemDescriptionID="2"/>
            <Position Count="1" ItemDescriptionID="4"/>
            <Position Count="1" ItemDescriptionID="3"/>
         </Positions>
      </Order>
   </Orders>
</OrderList>
