<?xml version="1.0" ?>
<OrderList>
   <ItemDescriptions>
      <ItemDescription Color="rosybrown" ID="0" Letter="a" Type="Letter" Weight="1.67"/>
      <ItemDescription Color="lightcoral" ID="1" Letter="a" Type="Letter" Weight="0.91"/>
      <ItemDescription Color="indiaread" ID="2" Letter="a" Type="Letter" Weight="0.62"/>
      <ItemDescription Color="brown" ID="3" Letter="a" Type="Letter" Weight="2.92"/>
      <ItemDescription Color="firedbrick" ID="4" Letter="a" Type="Letter" Weight="2.34"/>
      <ItemDescription Color="maroon" ID="5" Letter="a" Type="Letter" Weight="0.53"/>
      <ItemDescription Color="darkred" ID="6" Letter="a" Type="Letter" Weight="2.72"/>
      <ItemDescription Color="red" ID="7" Letter="a" Type="Letter" Weight="2.36"/>
      <ItemDescription Color="mistryrose" ID="8" Letter="a" Type="Letter" Weight="1.59"/>
      <ItemDescription Color="salmon" ID="9" Letter="a" Type="Letter" Weight="0.69"/>
      <ItemDescription Color="tomato" ID="10" Letter="a" Type="Letter" Weight="1.25"/>
      <ItemDescription Color="darksalmon" ID="11" Letter="a" Type="Letter" Weight="1.26"/>
      <ItemDescription Color="coral" ID="12" Letter="a" Type="Letter" Weight="1.29"/>
      <ItemDescription Color="orangered" ID="13" Letter="a" Type="Letter" Weight="2.92"/>
      <ItemDescription Color="lightsalmon" ID="14" Letter="a" Type="Letter" Weight="2.51"/>
      <ItemDescription Color="sienna" ID="15" Letter="a" Type="Letter" Weight="1.81"/>
      <ItemDescription Color="seashell" ID="16" Letter="a" Type="Letter" Weight="1.6"/>
      <ItemDescription Color="chocolate" ID="17" Letter="a" Type="Letter" Weight="0.64"/>
      <ItemDescription Color="saddlebrown" ID="18" Letter="a" Type="Letter" Weight="1.61"/>
      <ItemDescription Color="sandybrown" ID="19" Letter="a" Type="Letter" Weight="1.43"/>
      <ItemDescription Color="rosybrown" ID="20" Letter="b" Type="Letter" Weight="0.68"/>
      <ItemDescription Color="lightcoral" ID="21" Letter="b" Type="Letter" Weight="2.91"/>
      <ItemDescription Color="indiaread" ID="22" Letter="b" Type="Letter" Weight="2.39"/>
      <ItemDescription Color="brown" ID="23" Letter="b" Type="Letter" Weight="2.85"/>
      <ItemDescription Color="firedbrick" ID="24" Letter="b" Type="Letter" Weight="1.76"/>
      <ItemDescription Color="maroon" ID="25" Letter="b" Type="Letter" Weight="2.96"/>
      <ItemDescription Color="darkred" ID="26" Letter="b" Type="Letter" Weight="2.51"/>
      <ItemDescription Color="red" ID="27" Letter="b" Type="Letter" Weight="2.7"/>
      <ItemDescription Color="mistryrose" ID="28" Letter="b" Type="Letter" Weight="0.59"/>
      <ItemDescription Color="salmon" ID="29" Letter="b" Type="Letter" Weight="2.2"/>
      <ItemDescription Color="tomato" ID="30" Letter="b" Type="Letter" Weight="2.77"/>
      <ItemDescription Color="darksalmon" ID="31" Letter="b" Type="Letter" Weight="1.15"/>
      <ItemDescription Color="coral" ID="32" Letter="b" Type="Letter" Weight="2.65"/>
      <ItemDescription Color="orangered" ID="33" Letter="b" Type="Letter" Weight="1.98"/>
      <ItemDescription Color="lightsalmon" ID="34" Letter="b" Type="Letter" Weight="1.67"/>
      <ItemDescription Color="sienna" ID="35" Letter="b" Type="Letter" Weight="2.01"/>
      <ItemDescription Color="seashell" ID="36" Letter="b" Type="Letter" Weight="0.93"/>
      <ItemDescription Color="chocolate" ID="37" Letter="b" Type="Letter" Weight="2.26"/>
      <ItemDescription Color="saddlebrown" ID="38" Letter="b" Type="Letter" Weight="2.2"/>
      <ItemDescription Color="sandybrown" ID="39" Letter="b" Type="Letter" Weight="1.63"/>
      <ItemDescription Color="rosybrown" ID="40" Letter="c" Type="Letter" Weight="0.78"/>
      <ItemDescription Color="lightcoral" ID="41" Letter="c" Type="Letter" Weight="2.74"/>
      <ItemDescription Color="indiaread" ID="42" Letter="c" Type="Letter" Weight="0.67"/>
      <ItemDescription Color="brown" ID="43" Letter="c" Type="Letter" Weight="1.67"/>
      <ItemDescription Color="firedbrick" ID="44" Letter="c" Type="Letter" Weight="1.98"/>
      <ItemDescription Color="maroon" ID="45" Letter="c" Type="Letter" Weight="0.79"/>
      <ItemDescription Color="darkred" ID="46" Letter="c" Type="Letter" Weight="2.04"/>
      <ItemDescription Color="red" ID="47" Letter="c" Type="Letter" Weight="1.04"/>
      <ItemDescription Color="mistryrose" ID="48" Letter="c" Type="Letter" Weight="1.93"/>
      <ItemDescription Color="salmon" ID="49" Letter="c" Type="Letter" Weight="0.58"/>
      <ItemDescription Color="tomato" ID="50" Letter="c" Type="Letter" Weight="1.88"/>
      <ItemDescription Color="darksalmon" ID="51" Letter="c" Type="Letter" Weight="1.94"/>
      <ItemDescription Color="coral" ID="52" Letter="c" Type="Letter" Weight="2.07"/>
      <ItemDescription Color="orangered" ID="53" Letter="c" Type="Letter" Weight="2.19"/>
      <ItemDescription Color="lightsalmon" ID="54" Letter="c" Type="Letter" Weight="2.58"/>
      <ItemDescription Color="sienna" ID="55" Letter="c" Type="Letter" Weight="2.35"/>
      <ItemDescription Color="seashell" ID="56" Letter="c" Type="Letter" Weight="1.29"/>
      <ItemDescription Color="chocolate" ID="57" Letter="c" Type="Letter" Weight="0.84"/>
      <ItemDescription Color="saddlebrown" ID="58" Letter="c" Type="Letter" Weight="1.22"/>
      <ItemDescription Color="sandybrown" ID="59" Letter="c" Type="Letter" Weight="1.97"/>
      <ItemDescription Color="rosybrown" ID="60" Letter="d" Type="Letter" Weight="2.91"/>
      <ItemDescription Color="lightcoral" ID="61" Letter="d" Type="Letter" Weight="1.32"/>
      <ItemDescription Color="indiaread" ID="62" Letter="d" Type="Letter" Weight="2.45"/>
      <ItemDescription Color="brown" ID="63" Letter="d" Type="Letter" Weight="2.43"/>
      <ItemDescription Color="firedbrick" ID="64" Letter="d" Type="Letter" Weight="0.81"/>
      <ItemDescription Color="maroon" ID="65" Letter="d" Type="Letter" Weight="2.47"/>
      <ItemDescription Color="darkred" ID="66" Letter="d" Type="Letter" Weight="1.78"/>
      <ItemDescription Color="red" ID="67" Letter="d" Type="Letter" Weight="2.93"/>
      <ItemDescription Color="mistryrose" ID="68" Letter="d" Type="Letter" Weight="2.77"/>
      <ItemDescription Color="salmon" ID="69" Letter="d" Type="Letter" Weight="0.57"/>
      <ItemDescription Color="tomato" ID="70" Letter="d" Type="Letter" Weight="1.92"/>
      <ItemDescription Color="darksalmon" ID="71" Letter="d" Type="Letter" Weight="1.83"/>
      <ItemDescription Color="coral" ID="72" Letter="d" Type="Letter" Weight="0.62"/>
      <ItemDescription Color="orangered" ID="73" Letter="d" Type="Letter" Weight="1.14"/>
      <ItemDescription Color="lightsalmon" ID="74" Letter="d" Type="Letter" Weight="2.08"/>
      <ItemDescription Color="sienna" ID="75" Letter="d" Type="Letter" Weight="2.32"/>
      <ItemDescription Color="seashell" ID="76" Letter="d" Type="Letter" Weight="2.44"/>
      <ItemDescription Color="chocolate" ID="77" Letter="d" Type="Letter" Weight="0.75"/>
      <ItemDescription Color="saddlebrown" ID="78" Letter="d" Type="Letter" Weight="1.29"/>
      <ItemDescription Color="sandybrown" ID="79" Letter="d" Type="Letter" Weight="2.96"/>
      <ItemDescription Color="rosybrown" ID="80" Letter="e" Type="Letter" Weight="2.23"/>
      <ItemDescription Color="lightcoral" ID="81" Letter="e" Type="Letter" Weight="1.14"/>
      <ItemDescription Color="indiaread" ID="82" Letter="e" Type="Letter" Weight="1.03"/>
      <ItemDescription Color="brown" ID="83" Letter="e" Type="Letter" Weight="2.8"/>
      <ItemDescription Color="firedbrick" ID="84" Letter="e" Type="Letter" Weight="1.93"/>
      <ItemDescription Color="maroon" ID="85" Letter="e" Type="Letter" Weight="2.65"/>
      <ItemDescription Color="darkred" ID="86" Letter="e" Type="Letter" Weight="2.86"/>
      <ItemDescription Color="red" ID="87" Letter="e" Type="Letter" Weight="1.11"/>
      <ItemDescription Color="mistryrose" ID="88" Letter="e" Type="Letter" Weight="2.61"/>
      <ItemDescription Color="salmon" ID="89" Letter="e" Type="Letter" Weight="1.95"/>
      <ItemDescription Color="tomato" ID="90" Letter="e" Type="Letter" Weight="2.22"/>
      <ItemDescription Color="darksalmon" ID="91" Letter="e" Type="Letter" Weight="2.63"/>
      <ItemDescription Color="coral" ID="92" Letter="e" Type="Letter" Weight="0.79"/>
      <ItemDescription Color="orangered" ID="93" Letter="e" Type="Letter" Weight="1.17"/>
      <ItemDescription Color="lightsalmon" ID="94" Letter="e" Type="Letter" Weight="1.89"/>
      <ItemDescription Color="sienna" ID="95" Letter="e" Type="Letter" Weight="0.59"/>
      <ItemDescription Color="seashell" ID="96" Letter="e" Type="Letter" Weight="1.38"/>
      <ItemDescription Color="chocolate" ID="97" Letter="e" Type="Letter" Weight="1.55"/>
      <ItemDescription Color="saddlebrown" ID="98" Letter="e" Type="Letter" Weight="2.79"/>
      <ItemDescription Color="sandybrown" ID="99" Letter="e" Type="Letter" Weight="1.04"/>
      <ItemDescription Color="rosybrown" ID="100" Letter="f" Type="Letter" Weight="2.02"/>
      <ItemDescription Color="lightcoral" ID="101" Letter="f" Type="Letter" Weight="1.38"/>
      <ItemDescription Color="indiaread" ID="102" Letter="f" Type="Letter" Weight="2.42"/>
      <ItemDescription Color="brown" ID="103" Letter="f" Type="Letter" Weight="0.66"/>
      <ItemDescription Color="firedbrick" ID="104" Letter="f" Type="Letter" Weight="1.37"/>
      <ItemDescription Color="maroon" ID="105" Letter="f" Type="Letter" Weight="0.68"/>
      <ItemDescription Color="darkred" ID="106" Letter="f" Type="Letter" Weight="2.84"/>
      <ItemDescription Color="red" ID="107" Letter="f" Type="Letter" Weight="1.79"/>
      <ItemDescription Color="mistryrose" ID="108" Letter="f" Type="Letter" Weight="2.17"/>
      <ItemDescription Color="salmon" ID="109" Letter="f" Type="Letter" Weight="0.93"/>
      <ItemDescription Color="tomato" ID="110" Letter="f" Type="Letter" Weight="1.19"/>
      <ItemDescription Color="darksalmon" ID="111" Letter="f" Type="Letter" Weight="1.71"/>
      <ItemDescription Color="coral" ID="112" Letter="f" Type="Letter" Weight="2.27"/>
      <ItemDescription Color="orangered" ID="113" Letter="f" Type="Letter" Weight="1.21"/>
      <ItemDescription Color="lightsalmon" ID="114" Letter="f" Type="Letter" Weight="1.99"/>
      <ItemDescription Color="sienna" ID="115" Letter="f" Type="Letter" Weight="1.89"/>
      <ItemDescription Color="seashell" ID="116" Letter="f" Type="Letter" Weight="1.6"/>
      <ItemDescription Color="chocolate" ID="117" Letter="f" Type="Letter" Weight="0.8"/>
      <ItemDescription Color="saddlebrown" ID="118" Letter="f" Type="Letter" Weight="0.61"/>
      <ItemDescription Color="sandybrown" ID="119" Letter="f" Type="Letter" Weight="1.59"/>
      <ItemDescription Color="rosybrown" ID="120" Letter="g" Type="Letter" Weight="0.85"/>
      <ItemDescription Color="lightcoral" ID="121" Letter="g" Type="Letter" Weight="2.91"/>
      <ItemDescription Color="indiaread" ID="122" Letter="g" Type="Letter" Weight="0.8"/>
      <ItemDescription Color="brown" ID="123" Letter="g" Type="Letter" Weight="0.87"/>
      <ItemDescription Color="firedbrick" ID="124" Letter="g" Type="Letter" Weight="2.11"/>
      <ItemDescription Color="maroon" ID="125" Letter="g" Type="Letter" Weight="2.7"/>
      <ItemDescription Color="darkred" ID="126" Letter="g" Type="Letter" Weight="2.86"/>
      <ItemDescription Color="red" ID="127" Letter="g" Type="Letter" Weight="2.43"/>
      <ItemDescription Color="mistryrose" ID="128" Letter="g" Type="Letter" Weight="0.89"/>
      <ItemDescription Color="salmon" ID="129" Letter="g" Type="Letter" Weight="2.32"/>
      <ItemDescription Color="tomato" ID="130" Letter="g" Type="Letter" Weight="1.67"/>
      <ItemDescription Color="darksalmon" ID="131" Letter="g" Type="Letter" Weight="2.13"/>
      <ItemDescription Color="coral" ID="132" Letter="g" Type="Letter" Weight="2.55"/>
      <ItemDescription Color="orangered" ID="133" Letter="g" Type="Letter" Weight="1.46"/>
      <ItemDescription Color="lightsalmon" ID="134" Letter="g" Type="Letter" Weight="1.79"/>
      <ItemDescription Color="sienna" ID="135" Letter="g" Type="Letter" Weight="1.03"/>
      <ItemDescription Color="seashell" ID="136" Letter="g" Type="Letter" Weight="1.37"/>
      <ItemDescription Color="chocolate" ID="137" Letter="g" Type="Letter" Weight="1.89"/>
      <ItemDescription Color="saddlebrown" ID="138" Letter="g" Type="Letter" Weight="2.37"/>
      <ItemDescription Color="sandybrown" ID="139" Letter="g" Type="Letter" Weight="2.96"/>
      <ItemDescription Color="rosybrown" ID="140" Letter="h" Type="Letter" Weight="2.33"/>
      <ItemDescription Color="lightcoral" ID="141" Letter="h" Type="Letter" Weight="2.46"/>
      <ItemDescription Color="indiaread" ID="142" Letter="h" Type="Letter" Weight="1.1"/>
      <ItemDescription Color="brown" ID="143" Letter="h" Type="Letter" Weight="1.55"/>
      <ItemDescription Color="firedbrick" ID="144" Letter="h" Type="Letter" Weight="0.71"/>
      <ItemDescription Color="maroon" ID="145" Letter="h" Type="Letter" Weight="2.19"/>
      <ItemDescription Color="darkred" ID="146" Letter="h" Type="Letter" Weight="1.02"/>
      <ItemDescription Color="red" ID="147" Letter="h" Type="Letter" Weight="0.52"/>
      <ItemDescription Color="mistryrose" ID="148" Letter="h" Type="Letter" Weight="2.29"/>
      <ItemDescription Color="salmon" ID="149" Letter="h" Type="Letter" Weight="1.51"/>
      <ItemDescription Color="tomato" ID="150" Letter="h" Type="Letter" Weight="2.7"/>
      <ItemDescription Color="darksalmon" ID="151" Letter="h" Type="Letter" Weight="0.82"/>
      <ItemDescription Color="coral" ID="152" Letter="h" Type="Letter" Weight="1.98"/>
      <ItemDescription Color="orangered" ID="153" Letter="h" Type="Letter" Weight="1.46"/>
      <ItemDescription Color="lightsalmon" ID="154" Letter="h" Type="Letter" Weight="2.77"/>
      <ItemDescription Color="sienna" ID="155" Letter="h" Type="Letter" Weight="2.06"/>
      <ItemDescription Color="seashell" ID="156" Letter="h" Type="Letter" Weight="2.6"/>
      <ItemDescription Color="chocolate" ID="157" Letter="h" Type="Letter" Weight="1.71"/>
      <ItemDescription Color="saddlebrown" ID="158" Letter="h" Type="Letter" Weight="2.86"/>
      <ItemDescription Color="sandybrown" ID="159" Letter="h" Type="Letter" Weight="1.92"/>
      <ItemDescription Color="rosybrown" ID="160" Letter="i" Type="Letter" Weight="1.94"/>
      <ItemDescription Color="lightcoral" ID="161" Letter="i" Type="Letter" Weight="0.99"/>
      <ItemDescription Color="indiaread" ID="162" Letter="i" Type="Letter" Weight="2.36"/>
      <ItemDescription Color="brown" ID="163" Letter="i" Type="Letter" Weight="2.11"/>
      <ItemDescription Color="firedbrick" ID="164" Letter="i" Type="Letter" Weight="1.78"/>
      <ItemDescription Color="maroon" ID="165" Letter="i" Type="Letter" Weight="1.14"/>
      <ItemDescription Color="darkred" ID="166" Letter="i" Type="Letter" Weight="2.52"/>
      <ItemDescription Color="red" ID="167" Letter="i" Type="Letter" Weight="2.37"/>
      <ItemDescription Color="mistryrose" ID="168" Letter="i" Type="Letter" Weight="1.4"/>
      <ItemDescription Color="salmon" ID="169" Letter="i" Type="Letter" Weight="1.26"/>
      <ItemDescription Color="tomato" ID="170" Letter="i" Type="Letter" Weight="1.21"/>
      <ItemDescription Color="darksalmon" ID="171" Letter="i" Type="Letter" Weight="1.41"/>
      <ItemDescription Color="coral" ID="172" Letter="i" Type="Letter" Weight="1.92"/>
      <ItemDescription Color="orangered" ID="173" Letter="i" Type="Letter" Weight="2.12"/>
      <ItemDescription Color="lightsalmon" ID="174" Letter="i" Type="Letter" Weight="2.15"/>
      <ItemDescription Color="sienna" ID="175" Letter="i" Type="Letter" Weight="2.95"/>
      <ItemDescription Color="seashell" ID="176" Letter="i" Type="Letter" Weight="1.21"/>
      <ItemDescription Color="chocolate" ID="177" Letter="i" Type="Letter" Weight="1.37"/>
      <ItemDescription Color="saddlebrown" ID="178" Letter="i" Type="Letter" Weight="0.62"/>
      <ItemDescription Color="sandybrown" ID="179" Letter="i" Type="Letter" Weight="0.78"/>
      <ItemDescription Color="rosybrown" ID="180" Letter="j" Type="Letter" Weight="2.71"/>
      <ItemDescription Color="lightcoral" ID="181" Letter="j" Type="Letter" Weight="1.37"/>
      <ItemDescription Color="indiaread" ID="182" Letter="j" Type="Letter" Weight="1.54"/>
      <ItemDescription Color="brown" ID="183" Letter="j" Type="Letter" Weight="2.39"/>
      <ItemDescription Color="firedbrick" ID="184" Letter="j" Type="Letter" Weight="1.6"/>
      <ItemDescription Color="maroon" ID="185" Letter="j" Type="Letter" Weight="1.38"/>
      <ItemDescription Color="darkred" ID="186" Letter="j" Type="Letter" Weight="1.86"/>
      <ItemDescription Color="red" ID="187" Letter="j" Type="Letter" Weight="2.29"/>
      <ItemDescription Color="mistryrose" ID="188" Letter="j" Type="Letter" Weight="2.09"/>
      <ItemDescription Color="salmon" ID="189" Letter="j" Type="Letter" Weight="1.99"/>
      <ItemDescription Color="tomato" ID="190" Letter="j" Type="Letter" Weight="1.64"/>
      <ItemDescription Color="darksalmon" ID="191" Letter="j" Type="Letter" Weight="1.93"/>
      <ItemDescription Color="coral" ID="192" Letter="j" Type="Letter" Weight="0.73"/>
      <ItemDescription Color="orangered" ID="193" Letter="j" Type="Letter" Weight="0.82"/>
      <ItemDescription Color="lightsalmon" ID="194" Letter="j" Type="Letter" Weight="2.45"/>
      <ItemDescription Color="sienna" ID="195" Letter="j" Type="Letter" Weight="2.67"/>
      <ItemDescription Color="seashell" ID="196" Letter="j" Type="Letter" Weight="2.41"/>
      <ItemDescription Color="chocolate" ID="197" Letter="j" Type="Letter" Weight="2.6"/>
      <ItemDescription Color="saddlebrown" ID="198" Letter="j" Type="Letter" Weight="1.79"/>
      <ItemDescription Color="sandybrown" ID="199" Letter="j" Type="Letter" Weight="1.47"/>
      <ItemDescription Color="rosybrown" ID="200" Letter="k" Type="Letter" Weight="1.17"/>
      <ItemDescription Color="lightcoral" ID="201" Letter="k" Type="Letter" Weight="1.83"/>
      <ItemDescription Color="indiaread" ID="202" Letter="k" Type="Letter" Weight="0.94"/>
      <ItemDescription Color="brown" ID="203" Letter="k" Type="Letter" Weight="0.77"/>
      <ItemDescription Color="firedbrick" ID="204" Letter="k" Type="Letter" Weight="1.7"/>
      <ItemDescription Color="maroon" ID="205" Letter="k" Type="Letter" Weight="1.49"/>
      <ItemDescription Color="darkred" ID="206" Letter="k" Type="Letter" Weight="0.63"/>
      <ItemDescription Color="red" ID="207" Letter="k" Type="Letter" Weight="2.08"/>
      <ItemDescription Color="mistryrose" ID="208" Letter="k" Type="Letter" Weight="2.66"/>
      <ItemDescription Color="salmon" ID="209" Letter="k" Type="Letter" Weight="1.19"/>
      <ItemDescription Color="tomato" ID="210" Letter="k" Type="Letter" Weight="1.75"/>
      <ItemDescription Color="darksalmon" ID="211" Letter="k" Type="Letter" Weight="2.3"/>
      <ItemDescription Color="coral" ID="212" Letter="k" Type="Letter" Weight="0.76"/>
      <ItemDescription Color="orangered" ID="213" Letter="k" Type="Letter" Weight="1.29"/>
      <ItemDescription Color="lightsalmon" ID="214" Letter="k" Type="Letter" Weight="2.6"/>
      <ItemDescription Color="sienna" ID="215" Letter="k" Type="Letter" Weight="0.57"/>
      <ItemDescription Color="seashell" ID="216" Letter="k" Type="Letter" Weight="2.99"/>
      <ItemDescription Color="chocolate" ID="217" Letter="k" Type="Letter" Weight="2.47"/>
      <ItemDescription Color="saddlebrown" ID="218" Letter="k" Type="Letter" Weight="0.75"/>
      <ItemDescription Color="sandybrown" ID="219" Letter="k" Type="Letter" Weight="1.09"/>
      <ItemDescription Color="rosybrown" ID="220" Letter="l" Type="Letter" Weight="1.67"/>
      <ItemDescription Color="lightcoral" ID="221" Letter="l" Type="Letter" Weight="2.88"/>
      <ItemDescription Color="indiaread" ID="222" Letter="l" Type="Letter" Weight="1.62"/>
      <ItemDescription Color="brown" ID="223" Letter="l" Type="Letter" Weight="2.07"/>
      <ItemDescription Color="firedbrick" ID="224" Letter="l" Type="Letter" Weight="0.92"/>
      <ItemDescription Color="maroon" ID="225" Letter="l" Type="Letter" Weight="2.23"/>
      <ItemDescription Color="darkred" ID="226" Letter="l" Type="Letter" Weight="1.59"/>
      <ItemDescription Color="red" ID="227" Letter="l" Type="Letter" Weight="0.73"/>
      <ItemDescription Color="mistryrose" ID="228" Letter="l" Type="Letter" Weight="1.62"/>
      <ItemDescription Color="salmon" ID="229" Letter="l" Type="Letter" Weight="2.66"/>
      <ItemDescription Color="tomato" ID="230" Letter="l" Type="Letter" Weight="1.29"/>
      <ItemDescription Color="darksalmon" ID="231" Letter="l" Type="Letter" Weight="2.41"/>
      <ItemDescription Color="coral" ID="232" Letter="l" Type="Letter" Weight="2.97"/>
      <ItemDescription Color="orangered" ID="233" Letter="l" Type="Letter" Weight="2.74"/>
      <ItemDescription Color="lightsalmon" ID="234" Letter="l" Type="Letter" Weight="1.63"/>
      <ItemDescription Color="sienna" ID="235" Letter="l" Type="Letter" Weight="2.57"/>
      <ItemDescription Color="seashell" ID="236" Letter="l" Type="Letter" Weight="0.65"/>
      <ItemDescription Color="chocolate" ID="237" Letter="l" Type="Letter" Weight="2.12"/>
      <ItemDescription Color="saddlebrown" ID="238" Letter="l" Type="Letter" Weight="2.99"/>
      <ItemDescription Color="sandybrown" ID="239" Letter="l" Type="Letter" Weight="2.03"/>
      <ItemDescription Color="rosybrown" ID="240" Letter="m" Type="Letter" Weight="2.39"/>
      <ItemDescription Color="lightcoral" ID="241" Letter="m" Type="Letter" Weight="1.33"/>
      <ItemDescription Color="indiaread" ID="242" Letter="m" Type="Letter" Weight="2.44"/>
      <ItemDescription Color="brown" ID="243" Letter="m" Type="Letter" Weight="0.55"/>
      <ItemDescription Color="firedbrick" ID="244" Letter="m" Type="Letter" Weight="1.38"/>
      <ItemDescription Color="maroon" ID="245" Letter="m" Type="Letter" Weight="2.62"/>
      <ItemDescription Color="darkred" ID="246" Letter="m" Type="Letter" Weight="2.3"/>
      <ItemDescription Color="red" ID="247" Letter="m" Type="Letter" Weight="1.7"/>
      <ItemDescription Color="mistryrose" ID="248" Letter="m" Type="Letter" Weight="2.35"/>
      <ItemDescription Color="salmon" ID="249" Letter="m" Type="Letter" Weight="1.23"/>
      <ItemDescription Color="tomato" ID="250" Letter="m" Type="Letter" Weight="1.17"/>
      <ItemDescription Color="darksalmon" ID="251" Letter="m" Type="Letter" Weight="2.21"/>
      <ItemDescription Color="coral" ID="252" Letter="m" Type="Letter" Weight="2.03"/>
      <ItemDescription Color="orangered" ID="253" Letter="m" Type="Letter" Weight="2.36"/>
      <ItemDescription Color="lightsalmon" ID="254" Letter="m" Type="Letter" Weight="1.23"/>
      <ItemDescription Color="sienna" ID="255" Letter="m" Type="Letter" Weight="0.55"/>
      <ItemDescription Color="seashell" ID="256" Letter="m" Type="Letter" Weight="0.92"/>
      <ItemDescription Color="chocolate" ID="257" Letter="m" Type="Letter" Weight="2.17"/>
      <ItemDescription Color="saddlebrown" ID="258" Letter="m" Type="Letter" Weight="1.17"/>
      <ItemDescription Color="sandybrown" ID="259" Letter="m" Type="Letter" Weight="2.96"/>
      <ItemDescription Color="rosybrown" ID="260" Letter="n" Type="Letter" Weight="1.93"/>
      <ItemDescription Color="lightcoral" ID="261" Letter="n" Type="Letter" Weight="1.16"/>
      <ItemDescription Color="indiaread" ID="262" Letter="n" Type="Letter" Weight="1.86"/>
      <ItemDescription Color="brown" ID="263" Letter="n" Type="Letter" Weight="2.38"/>
      <ItemDescription Color="firedbrick" ID="264" Letter="n" Type="Letter" Weight="2.5"/>
      <ItemDescription Color="maroon" ID="265" Letter="n" Type="Letter" Weight="0.88"/>
      <ItemDescription Color="darkred" ID="266" Letter="n" Type="Letter" Weight="0.71"/>
      <ItemDescription Color="red" ID="267" Letter="n" Type="Letter" Weight="2.65"/>
      <ItemDescription Color="mistryrose" ID="268" Letter="n" Type="Letter" Weight="2.0"/>
      <ItemDescription Color="salmon" ID="269" Letter="n" Type="Letter" Weight="1.23"/>
      <ItemDescription Color="tomato" ID="270" Letter="n" Type="Letter" Weight="1.64"/>
      <ItemDescription Color="darksalmon" ID="271" Letter="n" Type="Letter" Weight="1.86"/>
      <ItemDescription Color="coral" ID="272" Letter="n" Type="Letter" Weight="2.82"/>
      <ItemDescription Color="orangered" ID="273" Letter="n" Type="Letter" Weight="1.41"/>
      <ItemDescription Color="lightsalmon" ID="274" Letter="n" Type="Letter" Weight="1.69"/>
      <ItemDescription Color="sienna" ID="275" Letter="n" Type="Letter" Weight="1.53"/>
      <ItemDescription Color="seashell" ID="276" Letter="n" Type="Letter" Weight="2.36"/>
      <ItemDescription Color="chocolate" ID="277" Letter="n" Type="Letter" Weight="0.72"/>
      <ItemDescription Color="saddlebrown" ID="278" Letter="n" Type="Letter" Weight="0.51"/>
      <ItemDescription Color="sandybrown" ID="279" Letter="n" Type="Letter" Weight="0.57"/>
      <ItemDescription Color="rosybrown" ID="280" Letter="o" Type="Letter" Weight="2.9"/>
      <ItemDescription Color="lightcoral" ID="281" Letter="o" Type="Letter" Weight="1.84"/>
      <ItemDescription Color="indiaread" ID="282" Letter="o" Type="Letter" Weight="1.59"/>
      <ItemDescription Color="brown" ID="283" Letter="o" Type="Letter" Weight="0.94"/>
      <ItemDescription Color="firedbrick" ID="284" Letter="o" Type="Letter" Weight="2.64"/>
      <ItemDescription Color="maroon" ID="285" Letter="o" Type="Letter" Weight="1.42"/>
      <ItemDescription Color="darkred" ID="286" Letter="o" Type="Letter" Weight="1.93"/>
      <ItemDescription Color="red" ID="287" Letter="o" Type="Letter" Weight="2.01"/>
      <ItemDescription Color="mistryrose" ID="288" Letter="o" Type="Letter" Weight="1.24"/>
      <ItemDescription Color="salmon" ID="289" Letter="o" Type="Letter" Weight="2.7"/>
      <ItemDescription Color="tomato" ID="290" Letter="o" Type="Letter" Weight="1.36"/>
      <ItemDescription Color="darksalmon" ID="291" Letter="o" Type="Letter" Weight="2.61"/>
      <ItemDescription Color="coral" ID="292" Letter="o" Type="Letter" Weight="1.73"/>
      <ItemDescription Color="orangered" ID="293" Letter="o" Type="Letter" Weight="1.19"/>
      <ItemDescription Color="lightsalmon" ID="294" Letter="o" Type="Letter" Weight="2.53"/>
      <ItemDescription Color="sienna" ID="295" Letter="o" Type="Letter" Weight="1.93"/>
      <ItemDescription Color="seashell" ID="296" Letter="o" Type="Letter" Weight="2.69"/>
      <ItemDescription Color="chocolate" ID="297" Letter="o" Type="Letter" Weight="2.39"/>
      <ItemDescription Color="saddlebrown" ID="298" Letter="o" Type="Letter" Weight="2.46"/>
      <ItemDescription Color="sandybrown" ID="299" Letter="o" Type="Letter" Weight="1.98"/>
      <ItemDescription Color="rosybrown" ID="300" Letter="p" Type="Letter" Weight="1.2"/>
      <ItemDescription Color="lightcoral" ID="301" Letter="p" Type="Letter" Weight="2.47"/>
      <ItemDescription Color="indiaread" ID="302" Letter="p" Type="Letter" Weight="0.53"/>
      <ItemDescription Color="brown" ID="303" Letter="p" Type="Letter" Weight="1.27"/>
      <ItemDescription Color="firedbrick" ID="304" Letter="p" Type="Letter" Weight="1.05"/>
      <ItemDescription Color="maroon" ID="305" Letter="p" Type="Letter" Weight="1.83"/>
      <ItemDescription Color="darkred" ID="306" Letter="p" Type="Letter" Weight="2.15"/>
      <ItemDescription Color="red" ID="307" Letter="p" Type="Letter" Weight="1.08"/>
      <ItemDescription Color="mistryrose" ID="308" Letter="p" Type="Letter" Weight="0.5"/>
      <ItemDescription Color="salmon" ID="309" Letter="p" Type="Letter" Weight="2.74"/>
      <ItemDescription Color="tomato" ID="310" Letter="p" Type="Letter" Weight="1.94"/>
      <ItemDescription Color="darksalmon" ID="311" Letter="p" Type="Letter" Weight="2.12"/>
      <ItemDescription Color="coral" ID="312" Letter="p" Type="Letter" Weight="2.46"/>
      <ItemDescription Color="orangered" ID="313" Letter="p" Type="Letter" Weight="2.22"/>
      <ItemDescription Color="lightsalmon" ID="314" Letter="p" Type="Letter" Weight="0.92"/>
      <ItemDescription Color="sienna" ID="315" Letter="p" Type="Letter" Weight="2.38"/>
      <ItemDescription Color="seashell" ID="316" Letter="p" Type="Letter" Weight="2.96"/>
      <ItemDescription Color="chocolate" ID="317" Letter="p" Type="Letter" Weight="2.75"/>
      <ItemDescription Color="saddlebrown" ID="318" Letter="p" Type="Letter" Weight="2.29"/>
      <ItemDescription Color="sandybrown" ID="319" Letter="p" Type="Letter" Weight="2.86"/>
      <ItemDescription Color="rosybrown" ID="320" Letter="q" Type="Letter" Weight="0.66"/>
      <ItemDescription Color="lightcoral" ID="321" Letter="q" Type="Letter" Weight="1.02"/>
      <ItemDescription Color="indiaread" ID="322" Letter="q" Type="Letter" Weight="1.27"/>
      <ItemDescription Color="brown" ID="323" Letter="q" Type="Letter" Weight="2.45"/>
      <ItemDescription Color="firedbrick" ID="324" Letter="q" Type="Letter" Weight="1.77"/>
      <ItemDescription Color="maroon" ID="325" Letter="q" Type="Letter" Weight="1.22"/>
      <ItemDescription Color="darkred" ID="326" Letter="q" Type="Letter" Weight="1.41"/>
      <ItemDescription Color="red" ID="327" Letter="q" Type="Letter" Weight="2.19"/>
      <ItemDescription Color="mistryrose" ID="328" Letter="q" Type="Letter" Weight="0.68"/>
      <ItemDescription Color="salmon" ID="329" Letter="q" Type="Letter" Weight="1.52"/>
      <ItemDescription Color="tomato" ID="330" Letter="q" Type="Letter" Weight="2.7"/>
      <ItemDescription Color="darksalmon" ID="331" Letter="q" Type="Letter" Weight="1.28"/>
      <ItemDescription Color="coral" ID="332" Letter="q" Type="Letter" Weight="1.12"/>
      <ItemDescription Color="orangered" ID="333" Letter="q" Type="Letter" Weight="2.97"/>
      <ItemDescription Color="lightsalmon" ID="334" Letter="q" Type="Letter" Weight="0.53"/>
      <ItemDescription Color="sienna" ID="335" Letter="q" Type="Letter" Weight="0.78"/>
      <ItemDescription Color="seashell" ID="336" Letter="q" Type="Letter" Weight="2.95"/>
      <ItemDescription Color="chocolate" ID="337" Letter="q" Type="Letter" Weight="1.33"/>
      <ItemDescription Color="saddlebrown" ID="338" Letter="q" Type="Letter" Weight="2.14"/>
      <ItemDescription Color="sandybrown" ID="339" Letter="q" Type="Letter" Weight="1.38"/>
      <ItemDescription Color="rosybrown" ID="340" Letter="r" Type="Letter" Weight="1.29"/>
      <ItemDescription Color="lightcoral" ID="341" Letter="r" Type="Letter" Weight="1.77"/>
      <ItemDescription Color="indiaread" ID="342" Letter="r" Type="Letter" Weight="1.05"/>
      <ItemDescription Color="brown" ID="343" Letter="r" Type="Letter" Weight="1.27"/>
      <ItemDescription Color="firedbrick" ID="344" Letter="r" Type="Letter" Weight="1.82"/>
      <ItemDescription Color="maroon" ID="345" Letter="r" Type="Letter" Weight="1.06"/>
      <ItemDescription Color="darkred" ID="346" Letter="r" Type="Letter" Weight="1.19"/>
      <ItemDescription Color="red" ID="347" Letter="r" Type="Letter" Weight="2.12"/>
      <ItemDescription Color="mistryrose" ID="348" Letter="r" Type="Letter" Weight="0.57"/>
      <ItemDescription Color="salmon" ID="349" Letter="r" Type="Letter" Weight="1.94"/>
      <ItemDescription Color="tomato" ID="350" Letter="r" Type="Letter" Weight="0.83"/>
      <ItemDescription Color="darksalmon" ID="351" Letter="r" Type="Letter" Weight="2.11"/>
      <ItemDescription Color="coral" ID="352" Letter="r" Type="Letter" Weight="2.54"/>
      <ItemDescription Color="orangered" ID="353" Letter="r" Type="Letter" Weight="2.38"/>
      <ItemDescription Color="lightsalmon" ID="354" Letter="r" Type="Letter" Weight="2.55"/>
      <ItemDescription Color="sienna" ID="355" Letter="r" Type="Letter" Weight="1.46"/>
      <ItemDescription Color="seashell" ID="356" Letter="r" Type="Letter" Weight="1.94"/>
      <ItemDescription Color="chocolate" ID="357" Letter="r" Type="Letter" Weight="1.94"/>
      <ItemDescription Color="saddlebrown" ID="358" Letter="r" Type="Letter" Weight="0.75"/>
      <ItemDescription Color="sandybrown" ID="359" Letter="r" Type="Letter" Weight="0.87"/>
   </ItemDescriptions>
   <ItemBundles/>
   <Orders>
      <Order TimeStamp="">
         <Positions>
            <Position Count="1" ItemDescriptionID="9"/>
            <Position Count="1" ItemDescriptionID="18"/>
         </Positions>
      </Order>
      <Order TimeStamp="">
         <Positions>
            <Position Count="2" ItemDescriptionID="9"/>
            <Position Count="1" ItemDescriptionID="12"/>
            <Position Count="2" ItemDescriptionID="14"/>
            <Position Count="1" ItemDescriptionID="18"/>
            <Position Count="1" ItemDescriptionID="16"/>
         </Positions>
      </Order>
      <Order TimeStamp="">
         <Positions>
            <Position Count="1" ItemDescriptionID="6"/>
            <Position Count="1" ItemDescriptionID="5"/>
         </Positions>
      </Order>
      <Order TimeStamp="">
         <Positions>
            <Position Count="2" ItemDescriptionID="16"/>
            <Position Count="1" ItemDescriptionID="0"/>
            <Position Count="1" ItemDescriptionID="10"/>
            <Position Count="1" ItemDescriptionID="5"/>
         </Positions>
      </Order>
      <Order TimeStamp="">
         <Positions>
            <Position Count="2" ItemDescriptionID="14"/>
            <Position Count="1" ItemDescriptionID="13"/>
            <Position Count="1" ItemDescriptionID="0"/>
         </Positions>
      </Order>
      <Order TimeStamp="">
         <Positions>
            <Position Count="1" ItemDescriptionID="7"/>
            <Position Count="2" ItemDescriptionID="0"/>
            <Position Count="2" ItemDescriptionID="18"/>
            <Position Count="1" ItemDescriptionID="5"/>
            <Position Count="1" ItemDescriptionID="3"/>
            <Position Count="1" ItemDescriptionID="4"/>
         </Positions>
      </Order>
      <Order TimeStamp="">
         <Positions>
            <Position Count="1" ItemDescriptionID="7"/>
            <Position Count="1" ItemDescriptionID="12"/>
            <Position Count="1" ItemDescriptionID="11"/>
            <Position Count="1" ItemDescriptionID="1"/>
            <Position Count="1" ItemDescriptionID="9"/>
         </Positions>
      </Order>
      <Order TimeStamp="">
         <Positions>
            <Position Count="1" ItemDescriptionID="4"/>
            <Position Count="1" ItemDescriptionID="17"/>
            <Position Count="1" ItemDescriptionID="12"/>
         </Positions>
      </Order>
      <Order TimeStamp="">
         <Positions>
            <Position Count="1" ItemDescriptionID="16"/>
            <Position Count="1" ItemDescriptionID="10"/>
            <Position Count="1" ItemDescriptionID="13"/>
            <Position Count="1" ItemDescriptionID="17"/>
            <Position Count="1" ItemDescriptionID="7"/>
            <Position Count="1" ItemDescriptionID="0"/>
            <Position Count="1" ItemDescriptionID="18"/>
            <Position Count="1" ItemDescriptionID="3"/>
         </Positions>
      </Order>
      <Order TimeStamp="">
         <Positions>
            <Position Count="1" ItemDescriptionID="1"/>
            <Position Count="2" ItemDescriptionID="16"/>
            <Position Count="1" ItemDescriptionID="2"/>
            <Position Count="1" ItemDescriptionID="11"/>
            <Position Count="1" ItemDescriptionID="4"/>
         </Positions>
      </Order>
   </Orders>
</OrderList>
