<?xml version='1.0' encoding='utf-8'?>
<root>
  <Collecting>
    <Split>
      <Bot ID="0">
        <Batch ID="1">
          <Orders>
            <Order>OC6</Order>
            <Order>OC7</Order>
          </Orders>
        </Batch>
        <Batch ID="2">
          <Orders>
            <Order>OC9</Order>
          </Orders>
        </Batch>
        <Batch ID="3">
          <Orders>
            <Order>OC3</Order>
          </Orders>
        </Batch>
        <Batch ID="4">
          <Orders>
            <Order>OC1</Order>
          </Orders>
        </Batch>
      </Bot>
      <Bot ID="1">
        <Batch ID="1">
          <Orders>
            <Order>OC0</Order>
            <Order>OC5</Order>
          </Orders>
        </Batch>
        <Batch ID="2">
          <Orders>
            <Order>OC8</Order>
          </Orders>
        </Batch>
        <Batch ID="3">
          <Orders>
            <Order>OC4</Order>
          </Orders>
        </Batch>
        <Batch ID="4">
          <Orders>
            <Order>OC2</Order>
          </Orders>
        </Batch>
      </Bot>
    </Split>
    <Bots>
      <Bot ID="0" collect="1" refill="-1">
        <Batches>
          <Batch BatchNumber="1" Distance="188.2999999999999">
            <ItemsData>
              <Orders>
                <Order ID="OC1" />
                <Order ID="OC2" />
                <Order ID="OC3" />
                <Order ID="OC4" />
                <Order ID="OC5" />
                <Order ID="OC6">
                  <Item ID="C7_0" Pod="349" Type="red/a" />
                  <Item ID="C12_0" Pod="172" Type="coral/a" />
                  <Item ID="C11_0" Pod="129" Type="darksalmon/a" />
                  <Item ID="C1_0" Pod="36" Type="lightcoral/a" />
                  <Item ID="C9_0" Pod="47" Type="salmon/a" />
                </Order>
                <Order ID="OC7">
                  <Item ID="C4_0" Pod="79" Type="firedbrick/a" />
                  <Item ID="C17_0" Pod="74" Type="chocolate/a" />
                  <Item ID="C12_0" Pod="172" Type="coral/a" />
                </Order>
                <Order ID="OC8" />
                <Order ID="OC9" />
                <Order ID="OC10" />
              </Orders>
            </ItemsData>
            <Edges>
              <Edge StartNode="OutD0" EndNode="129" />
              <Edge StartNode="129" EndNode="74" />
              <Edge StartNode="74" EndNode="79" />
              <Edge StartNode="79" EndNode="76" />
              <Edge StartNode="76" EndNode="47" />
              <Edge StartNode="47" EndNode="36" />
              <Edge StartNode="36" EndNode="137" />
              <Edge StartNode="137" EndNode="172" />
              <Edge StartNode="172" EndNode="349" />
              <Edge StartNode="349" EndNode="OutD0" />
            </Edges>
            <Waypoints />
          </Batch>
          <Batch BatchNumber="2" Distance="86.69999999999996">
            <ItemsData>
              <Orders>
                <Order ID="OC1" />
                <Order ID="OC2" />
                <Order ID="OC3" />
                <Order ID="OC4" />
                <Order ID="OC5" />
                <Order ID="OC6" />
                <Order ID="OC7" />
                <Order ID="OC8" />
                <Order ID="OC9">
                  <Item ID="C1_0" Pod="36" Type="lightcoral/a" />
                  <Item ID="C16_0" Pod="35" Type="seashell/a" />
                  <Item ID="C2_0" Pod="128" Type="indiaread/a" />
                  <Item ID="C11_0" Pod="129" Type="darksalmon/a" />
                  <Item ID="C4_0" Pod="79" Type="firedbrick/a" />
                </Order>
                <Order ID="OC10" />
              </Orders>
            </ItemsData>
            <Edges>
              <Edge StartNode="OutD0" EndNode="128" />
              <Edge StartNode="128" EndNode="129" />
              <Edge StartNode="129" EndNode="79" />
              <Edge StartNode="79" EndNode="76" />
              <Edge StartNode="76" EndNode="36" />
              <Edge StartNode="36" EndNode="35" />
              <Edge StartNode="35" EndNode="OutD0" />
            </Edges>
            <Waypoints />
          </Batch>
          <Batch BatchNumber="3" Distance="97.19999999999995">
            <ItemsData>
              <Orders>
                <Order ID="OC1" />
                <Order ID="OC2" />
                <Order ID="OC3">
                  <Item ID="C16_0" Pod="35" Type="seashell/a" />
                  <Item ID="C0_0" Pod="14" Type="rosybrown/a" />
                  <Item ID="C10_0" Pod="150" Type="tomato/a" />
                  <Item ID="C5_0" Pod="51" Type="maroon/a" />
                </Order>
                <Order ID="OC4" />
                <Order ID="OC5" />
                <Order ID="OC6" />
                <Order ID="OC7" />
                <Order ID="OC8" />
                <Order ID="OC9" />
                <Order ID="OC10" />
              </Orders>
            </ItemsData>
            <Edges>
              <Edge StartNode="OutD0" EndNode="150" />
              <Edge StartNode="150" EndNode="35" />
              <Edge StartNode="35" EndNode="14" />
              <Edge StartNode="14" EndNode="51" />
              <Edge StartNode="51" EndNode="OutD0" />
            </Edges>
            <Waypoints />
          </Batch>
          <Batch BatchNumber="4" Distance="128.99999999999997">
            <ItemsData>
              <Orders>
                <Order ID="OC1">
                  <Item ID="C9_0" Pod="47" Type="salmon/a" />
                  <Item ID="C12_0" Pod="172" Type="coral/a" />
                  <Item ID="C14_0" Pod="217" Type="lightsalmon/a" />
                  <Item ID="C18_0" Pod="67" Type="saddlebrown/a" />
                  <Item ID="C16_0" Pod="35" Type="seashell/a" />
                </Order>
                <Order ID="OC2" />
                <Order ID="OC3" />
                <Order ID="OC4" />
                <Order ID="OC5" />
                <Order ID="OC6" />
                <Order ID="OC7" />
                <Order ID="OC8" />
                <Order ID="OC9" />
                <Order ID="OC10" />
              </Orders>
            </ItemsData>
            <Edges>
              <Edge StartNode="OutD0" EndNode="217" />
              <Edge StartNode="217" EndNode="172" />
              <Edge StartNode="172" EndNode="67" />
              <Edge StartNode="67" EndNode="68" />
              <Edge StartNode="68" EndNode="47" />
              <Edge StartNode="47" EndNode="35" />
              <Edge StartNode="35" EndNode="OutD0" />
            </Edges>
            <Waypoints />
          </Batch>
        </Batches>
      </Bot>
      <Bot ID="1" collect="1" refill="-1">
        <Batches>
          <Batch BatchNumber="1" Distance="172.39999999999992">
            <ItemsData>
              <Orders>
                <Order ID="OC1" />
                <Order ID="OC2" />
                <Order ID="OC3" />
                <Order ID="OC4" />
                <Order ID="OC5">
                  <Item ID="C7_0" Pod="349" Type="red/a" />
                  <Item ID="C0_0" Pod="14" Type="rosybrown/a" />
                  <Item ID="C18_0" Pod="67" Type="saddlebrown/a" />
                  <Item ID="C5_0" Pod="51" Type="maroon/a" />
                  <Item ID="C3_0" Pod="266" Type="brown/a" />
                  <Item ID="C4_0" Pod="79" Type="firedbrick/a" />
                </Order>
                <Order ID="OC6" />
                <Order ID="OC7" />
                <Order ID="OC8" />
                <Order ID="OC9" />
                <Order ID="OC10" />
              </Orders>
            </ItemsData>
            <Edges>
              <Edge StartNode="OutD1" EndNode="266" />
              <Edge StartNode="266" EndNode="349" />
              <Edge StartNode="349" EndNode="318" />
              <Edge StartNode="318" EndNode="79" />
              <Edge StartNode="79" EndNode="76" />
              <Edge StartNode="76" EndNode="14" />
              <Edge StartNode="14" EndNode="47" />
              <Edge StartNode="47" EndNode="51" />
              <Edge StartNode="51" EndNode="74" />
              <Edge StartNode="74" EndNode="67" />
              <Edge StartNode="67" EndNode="OutD1" />
            </Edges>
            <Waypoints />
          </Batch>
          <Batch BatchNumber="2" Distance="183.19999999999993">
            <ItemsData>
              <Orders>
                <Order ID="OC1" />
                <Order ID="OC2" />
                <Order ID="OC3" />
                <Order ID="OC4" />
                <Order ID="OC5" />
                <Order ID="OC6" />
                <Order ID="OC7" />
                <Order ID="OC8">
                  <Item ID="C16_0" Pod="35" Type="seashell/a" />
                  <Item ID="C10_0" Pod="150" Type="tomato/a" />
                  <Item ID="C13_0" Pod="215" Type="orangered/a" />
                  <Item ID="C17_0" Pod="74" Type="chocolate/a" />
                  <Item ID="C7_0" Pod="349" Type="red/a" />
                  <Item ID="C0_0" Pod="14" Type="rosybrown/a" />
                  <Item ID="C18_0" Pod="67" Type="saddlebrown/a" />
                  <Item ID="C3_0" Pod="266" Type="brown/a" />
                </Order>
                <Order ID="OC9" />
                <Order ID="OC10" />
              </Orders>
            </ItemsData>
            <Edges>
              <Edge StartNode="OutD1" EndNode="266" />
              <Edge StartNode="266" EndNode="349" />
              <Edge StartNode="349" EndNode="215" />
              <Edge StartNode="215" EndNode="184" />
              <Edge StartNode="184" EndNode="150" />
              <Edge StartNode="150" EndNode="67" />
              <Edge StartNode="67" EndNode="74" />
              <Edge StartNode="74" EndNode="14" />
              <Edge StartNode="14" EndNode="35" />
              <Edge StartNode="35" EndNode="OutD1" />
            </Edges>
            <Waypoints />
          </Batch>
          <Batch BatchNumber="3" Distance="109.49999999999994">
            <ItemsData>
              <Orders>
                <Order ID="OC1" />
                <Order ID="OC2" />
                <Order ID="OC3" />
                <Order ID="OC4">
                  <Item ID="C14_0" Pod="217" Type="lightsalmon/a" />
                  <Item ID="C13_0" Pod="215" Type="orangered/a" />
                  <Item ID="C0_0" Pod="14" Type="rosybrown/a" />
                </Order>
                <Order ID="OC5" />
                <Order ID="OC6" />
                <Order ID="OC7" />
                <Order ID="OC8" />
                <Order ID="OC9" />
                <Order ID="OC10" />
              </Orders>
            </ItemsData>
            <Edges>
              <Edge StartNode="OutD1" EndNode="217" />
              <Edge StartNode="217" EndNode="215" />
              <Edge StartNode="215" EndNode="188" />
              <Edge StartNode="188" EndNode="14" />
              <Edge StartNode="14" EndNode="OutD1" />
            </Edges>
            <Waypoints />
          </Batch>
          <Batch BatchNumber="4" Distance="70.79999999999995">
            <ItemsData>
              <Orders>
                <Order ID="OC1" />
                <Order ID="OC2">
                  <Item ID="C6_0" Pod="144" Type="darkred/a" />
                  <Item ID="C5_0" Pod="51" Type="maroon/a" />
                </Order>
                <Order ID="OC3" />
                <Order ID="OC4" />
                <Order ID="OC5" />
                <Order ID="OC6" />
                <Order ID="OC7" />
                <Order ID="OC8" />
                <Order ID="OC9" />
                <Order ID="OC10" />
              </Orders>
            </ItemsData>
            <Edges>
              <Edge StartNode="OutD1" EndNode="144" />
              <Edge StartNode="144" EndNode="51" />
              <Edge StartNode="51" EndNode="24" />
              <Edge StartNode="24" EndNode="OutD1" />
            </Edges>
            <Waypoints />
          </Batch>
        </Batches>
      </Bot>
    </Bots>
  </Collecting>
</root>
